schema;table_ou_vue;colonne;type_sql;nullable;valeur_defaut
_timescaledb_catalog;chunk;id;integer;NO;nextval('_timescaledb_catalog.chunk_id_seq'::regclass)
_timescaledb_catalog;chunk;hypertable_id;integer;NO;
_timescaledb_catalog;chunk;schema_name;name;NO;
_timescaledb_catalog;chunk;table_name;name;NO;
_timescaledb_catalog;chunk;compressed_chunk_id;integer;YES;
_timescaledb_catalog;chunk;dropped;boolean;NO;false
_timescaledb_catalog;chunk;status;integer;NO;0
_timescaledb_catalog;chunk;osm_chunk;boolean;NO;false
_timescaledb_catalog;chunk;creation_time;timestamp with time zone;NO;
_timescaledb_catalog;chunk_column_stats;id;integer;NO;nextval('_timescaledb_catalog.chunk_column_stats_id_seq'::regclass)
_timescaledb_catalog;chunk_column_stats;hypertable_id;integer;NO;
_timescaledb_catalog;chunk_column_stats;chunk_id;integer;YES;
_timescaledb_catalog;chunk_column_stats;column_name;name;NO;
_timescaledb_catalog;chunk_column_stats;range_start;bigint;NO;
_timescaledb_catalog;chunk_column_stats;range_end;bigint;NO;
_timescaledb_catalog;chunk_column_stats;valid;boolean;NO;
_timescaledb_catalog;chunk_constraint;chunk_id;integer;NO;
_timescaledb_catalog;chunk_constraint;dimension_slice_id;integer;YES;
_timescaledb_catalog;chunk_constraint;constraint_name;name;NO;
_timescaledb_catalog;chunk_constraint;hypertable_constraint_name;name;YES;
_timescaledb_catalog;chunk_rewrite;chunk_relid;regclass;NO;
_timescaledb_catalog;chunk_rewrite;new_relid;regclass;NO;
_timescaledb_catalog;compression_algorithm;id;smallint;NO;
_timescaledb_catalog;compression_algorithm;version;smallint;NO;
_timescaledb_catalog;compression_algorithm;name;name;NO;
_timescaledb_catalog;compression_algorithm;description;text;YES;
_timescaledb_catalog;compression_chunk_size;chunk_id;integer;NO;
_timescaledb_catalog;compression_chunk_size;compressed_chunk_id;integer;NO;
_timescaledb_catalog;compression_chunk_size;uncompressed_heap_size;bigint;NO;
_timescaledb_catalog;compression_chunk_size;uncompressed_toast_size;bigint;NO;
_timescaledb_catalog;compression_chunk_size;uncompressed_index_size;bigint;NO;
_timescaledb_catalog;compression_chunk_size;compressed_heap_size;bigint;NO;
_timescaledb_catalog;compression_chunk_size;compressed_toast_size;bigint;NO;
_timescaledb_catalog;compression_chunk_size;compressed_index_size;bigint;NO;
_timescaledb_catalog;compression_chunk_size;numrows_pre_compression;bigint;YES;
_timescaledb_catalog;compression_chunk_size;numrows_post_compression;bigint;YES;
_timescaledb_catalog;compression_chunk_size;numrows_frozen_immediately;bigint;YES;
_timescaledb_catalog;compression_settings;relid;regclass;NO;
_timescaledb_catalog;compression_settings;compress_relid;regclass;YES;
_timescaledb_catalog;compression_settings;segmentby;ARRAY;YES;
_timescaledb_catalog;compression_settings;orderby;ARRAY;YES;
_timescaledb_catalog;compression_settings;orderby_desc;ARRAY;YES;
_timescaledb_catalog;compression_settings;orderby_nullsfirst;ARRAY;YES;
_timescaledb_catalog;compression_settings;index;jsonb;YES;
_timescaledb_catalog;continuous_agg;mat_hypertable_id;integer;NO;
_timescaledb_catalog;continuous_agg;raw_hypertable_id;integer;NO;
_timescaledb_catalog;continuous_agg;parent_mat_hypertable_id;integer;YES;
_timescaledb_catalog;continuous_agg;user_view_schema;name;NO;
_timescaledb_catalog;continuous_agg;user_view_name;name;NO;
_timescaledb_catalog;continuous_agg;partial_view_schema;name;NO;
_timescaledb_catalog;continuous_agg;partial_view_name;name;NO;
_timescaledb_catalog;continuous_agg;direct_view_schema;name;NO;
_timescaledb_catalog;continuous_agg;direct_view_name;name;NO;
_timescaledb_catalog;continuous_agg;materialized_only;boolean;NO;false
_timescaledb_catalog;continuous_agg;finalized;boolean;NO;true
_timescaledb_catalog;continuous_agg_migrate_plan;mat_hypertable_id;integer;NO;
_timescaledb_catalog;continuous_agg_migrate_plan;start_ts;timestamp with time zone;NO;now()
_timescaledb_catalog;continuous_agg_migrate_plan;end_ts;timestamp with time zone;YES;
_timescaledb_catalog;continuous_agg_migrate_plan;user_view_definition;text;YES;
_timescaledb_catalog;continuous_agg_migrate_plan_step;mat_hypertable_id;integer;NO;
_timescaledb_catalog;continuous_agg_migrate_plan_step;step_id;integer;NO;nextval('_timescaledb_catalog.continuous_agg_migrate_plan_step_step_id_seq'::regclass)
_timescaledb_catalog;continuous_agg_migrate_plan_step;status;text;NO;'NOT STARTED'::text
_timescaledb_catalog;continuous_agg_migrate_plan_step;start_ts;timestamp with time zone;YES;
_timescaledb_catalog;continuous_agg_migrate_plan_step;end_ts;timestamp with time zone;YES;
_timescaledb_catalog;continuous_agg_migrate_plan_step;type;text;NO;
_timescaledb_catalog;continuous_agg_migrate_plan_step;config;jsonb;YES;
_timescaledb_catalog;continuous_aggs_bucket_function;mat_hypertable_id;integer;NO;
_timescaledb_catalog;continuous_aggs_bucket_function;bucket_func;text;NO;
_timescaledb_catalog;continuous_aggs_bucket_function;bucket_width;text;NO;
_timescaledb_catalog;continuous_aggs_bucket_function;bucket_origin;text;YES;
_timescaledb_catalog;continuous_aggs_bucket_function;bucket_offset;text;YES;
_timescaledb_catalog;continuous_aggs_bucket_function;bucket_timezone;text;YES;
_timescaledb_catalog;continuous_aggs_bucket_function;bucket_fixed_width;boolean;NO;
_timescaledb_catalog;continuous_aggs_hypertable_invalidation_log;hypertable_id;integer;NO;
_timescaledb_catalog;continuous_aggs_hypertable_invalidation_log;lowest_modified_value;bigint;NO;
_timescaledb_catalog;continuous_aggs_hypertable_invalidation_log;greatest_modified_value;bigint;NO;
_timescaledb_catalog;continuous_aggs_invalidation_threshold;hypertable_id;integer;NO;
_timescaledb_catalog;continuous_aggs_invalidation_threshold;watermark;bigint;NO;
_timescaledb_catalog;continuous_aggs_materialization_invalidation_log;materialization_id;integer;YES;
_timescaledb_catalog;continuous_aggs_materialization_invalidation_log;lowest_modified_value;bigint;NO;
_timescaledb_catalog;continuous_aggs_materialization_invalidation_log;greatest_modified_value;bigint;NO;
_timescaledb_catalog;continuous_aggs_materialization_ranges;materialization_id;integer;YES;
_timescaledb_catalog;continuous_aggs_materialization_ranges;lowest_modified_value;bigint;NO;
_timescaledb_catalog;continuous_aggs_materialization_ranges;greatest_modified_value;bigint;NO;
_timescaledb_catalog;continuous_aggs_watermark;mat_hypertable_id;integer;NO;
_timescaledb_catalog;continuous_aggs_watermark;watermark;bigint;NO;
_timescaledb_catalog;dimension;id;integer;NO;nextval('_timescaledb_catalog.dimension_id_seq'::regclass)
_timescaledb_catalog;dimension;hypertable_id;integer;NO;
_timescaledb_catalog;dimension;column_name;name;NO;
_timescaledb_catalog;dimension;column_type;regtype;NO;
_timescaledb_catalog;dimension;aligned;boolean;NO;
_timescaledb_catalog;dimension;num_slices;smallint;YES;
_timescaledb_catalog;dimension;partitioning_func_schema;name;YES;
_timescaledb_catalog;dimension;partitioning_func;name;YES;
_timescaledb_catalog;dimension;interval_length;bigint;YES;
_timescaledb_catalog;dimension;compress_interval_length;bigint;YES;
_timescaledb_catalog;dimension;integer_now_func_schema;name;YES;
_timescaledb_catalog;dimension;integer_now_func;name;YES;
_timescaledb_catalog;dimension_slice;id;integer;NO;nextval('_timescaledb_catalog.dimension_slice_id_seq'::regclass)
_timescaledb_catalog;dimension_slice;dimension_id;integer;NO;
_timescaledb_catalog;dimension_slice;range_start;bigint;NO;
_timescaledb_catalog;dimension_slice;range_end;bigint;NO;
_timescaledb_catalog;hypertable;id;integer;NO;nextval('_timescaledb_catalog.hypertable_id_seq'::regclass)
_timescaledb_catalog;hypertable;schema_name;name;NO;
_timescaledb_catalog;hypertable;table_name;name;NO;
_timescaledb_catalog;hypertable;associated_schema_name;name;NO;
_timescaledb_catalog;hypertable;associated_table_prefix;name;NO;
_timescaledb_catalog;hypertable;num_dimensions;smallint;NO;
_timescaledb_catalog;hypertable;chunk_sizing_func_schema;name;NO;
_timescaledb_catalog;hypertable;chunk_sizing_func_name;name;NO;
_timescaledb_catalog;hypertable;chunk_target_size;bigint;NO;
_timescaledb_catalog;hypertable;compression_state;smallint;NO;0
_timescaledb_catalog;hypertable;compressed_hypertable_id;integer;YES;
_timescaledb_catalog;hypertable;status;integer;NO;0
_timescaledb_catalog;metadata;key;name;NO;
_timescaledb_catalog;metadata;value;text;NO;
_timescaledb_catalog;metadata;include_in_telemetry;boolean;NO;
_timescaledb_catalog;tablespace;id;integer;NO;nextval('_timescaledb_catalog.tablespace_id_seq'::regclass)
_timescaledb_catalog;tablespace;hypertable_id;integer;NO;
_timescaledb_catalog;tablespace;tablespace_name;name;NO;
_timescaledb_catalog;telemetry_event;created;timestamp with time zone;NO;CURRENT_TIMESTAMP
_timescaledb_catalog;telemetry_event;tag;name;NO;
_timescaledb_catalog;telemetry_event;body;jsonb;NO;
_timescaledb_config;bgw_job;id;integer;NO;nextval('_timescaledb_config.bgw_job_id_seq'::regclass)
_timescaledb_config;bgw_job;application_name;name;NO;
_timescaledb_config;bgw_job;schedule_interval;interval;NO;
_timescaledb_config;bgw_job;max_runtime;interval;NO;
_timescaledb_config;bgw_job;max_retries;integer;NO;
_timescaledb_config;bgw_job;retry_period;interval;NO;
_timescaledb_config;bgw_job;proc_schema;name;NO;
_timescaledb_config;bgw_job;proc_name;name;NO;
_timescaledb_config;bgw_job;owner;regrole;NO;(quote_ident((CURRENT_ROLE)::text))::regrole
_timescaledb_config;bgw_job;scheduled;boolean;NO;true
_timescaledb_config;bgw_job;fixed_schedule;boolean;NO;true
_timescaledb_config;bgw_job;initial_start;timestamp with time zone;YES;
_timescaledb_config;bgw_job;hypertable_id;integer;YES;
_timescaledb_config;bgw_job;config;jsonb;YES;
_timescaledb_config;bgw_job;check_schema;name;YES;
_timescaledb_config;bgw_job;check_name;name;YES;
_timescaledb_config;bgw_job;timezone;text;YES;
_timescaledb_internal;_direct_view_3;bucket_1h;timestamp with time zone;YES;
_timescaledb_internal;_direct_view_3;station_id;uuid;YES;
_timescaledb_internal;_direct_view_3;variable_id;smallint;YES;
_timescaledb_internal;_direct_view_3;source_id;smallint;YES;
_timescaledb_internal;_direct_view_3;run_id;uuid;YES;
_timescaledb_internal;_direct_view_3;sum_value;double precision;YES;
_timescaledb_internal;_direct_view_3;max_value;double precision;YES;
_timescaledb_internal;_hyper_1_10_chunk;time;timestamp with time zone;NO;
_timescaledb_internal;_hyper_1_10_chunk;station_id;uuid;NO;
_timescaledb_internal;_hyper_1_10_chunk;variable_id;smallint;NO;
_timescaledb_internal;_hyper_1_10_chunk;source_id;smallint;NO;
_timescaledb_internal;_hyper_1_10_chunk;run_id;uuid;YES;
_timescaledb_internal;_hyper_1_10_chunk;run_id_norm;uuid;NO;
_timescaledb_internal;_hyper_1_10_chunk;value;double precision;NO;
_timescaledb_internal;_hyper_1_10_chunk;qc_flag;smallint;NO;0
_timescaledb_internal;_hyper_1_10_chunk;ingestion_id;uuid;YES;
_timescaledb_internal;_hyper_1_10_chunk;file_id;uuid;YES;
_timescaledb_internal;_hyper_1_10_chunk;inserted_at;timestamp with time zone;NO;now()
_timescaledb_internal;_hyper_1_11_chunk;time;timestamp with time zone;NO;
_timescaledb_internal;_hyper_1_11_chunk;station_id;uuid;NO;
_timescaledb_internal;_hyper_1_11_chunk;variable_id;smallint;NO;
_timescaledb_internal;_hyper_1_11_chunk;source_id;smallint;NO;
_timescaledb_internal;_hyper_1_11_chunk;run_id;uuid;YES;
_timescaledb_internal;_hyper_1_11_chunk;run_id_norm;uuid;NO;
_timescaledb_internal;_hyper_1_11_chunk;value;double precision;NO;
_timescaledb_internal;_hyper_1_11_chunk;qc_flag;smallint;NO;0
_timescaledb_internal;_hyper_1_11_chunk;ingestion_id;uuid;YES;
_timescaledb_internal;_hyper_1_11_chunk;file_id;uuid;YES;
_timescaledb_internal;_hyper_1_11_chunk;inserted_at;timestamp with time zone;NO;now()
_timescaledb_internal;_hyper_1_12_chunk;time;timestamp with time zone;NO;
_timescaledb_internal;_hyper_1_12_chunk;station_id;uuid;NO;
_timescaledb_internal;_hyper_1_12_chunk;variable_id;smallint;NO;
_timescaledb_internal;_hyper_1_12_chunk;source_id;smallint;NO;
_timescaledb_internal;_hyper_1_12_chunk;run_id;uuid;YES;
_timescaledb_internal;_hyper_1_12_chunk;run_id_norm;uuid;NO;
_timescaledb_internal;_hyper_1_12_chunk;value;double precision;NO;
_timescaledb_internal;_hyper_1_12_chunk;qc_flag;smallint;NO;0
_timescaledb_internal;_hyper_1_12_chunk;ingestion_id;uuid;YES;
_timescaledb_internal;_hyper_1_12_chunk;file_id;uuid;YES;
_timescaledb_internal;_hyper_1_12_chunk;inserted_at;timestamp with time zone;NO;now()
_timescaledb_internal;_hyper_1_13_chunk;time;timestamp with time zone;NO;
_timescaledb_internal;_hyper_1_13_chunk;station_id;uuid;NO;
_timescaledb_internal;_hyper_1_13_chunk;variable_id;smallint;NO;
_timescaledb_internal;_hyper_1_13_chunk;source_id;smallint;NO;
_timescaledb_internal;_hyper_1_13_chunk;run_id;uuid;YES;
_timescaledb_internal;_hyper_1_13_chunk;run_id_norm;uuid;NO;
_timescaledb_internal;_hyper_1_13_chunk;value;double precision;NO;
_timescaledb_internal;_hyper_1_13_chunk;qc_flag;smallint;NO;0
_timescaledb_internal;_hyper_1_13_chunk;ingestion_id;uuid;YES;
_timescaledb_internal;_hyper_1_13_chunk;file_id;uuid;YES;
_timescaledb_internal;_hyper_1_13_chunk;inserted_at;timestamp with time zone;NO;now()
_timescaledb_internal;_hyper_1_14_chunk;time;timestamp with time zone;NO;
_timescaledb_internal;_hyper_1_14_chunk;station_id;uuid;NO;
_timescaledb_internal;_hyper_1_14_chunk;variable_id;smallint;NO;
_timescaledb_internal;_hyper_1_14_chunk;source_id;smallint;NO;
_timescaledb_internal;_hyper_1_14_chunk;run_id;uuid;YES;
_timescaledb_internal;_hyper_1_14_chunk;run_id_norm;uuid;NO;
_timescaledb_internal;_hyper_1_14_chunk;value;double precision;NO;
_timescaledb_internal;_hyper_1_14_chunk;qc_flag;smallint;NO;0
_timescaledb_internal;_hyper_1_14_chunk;ingestion_id;uuid;YES;
_timescaledb_internal;_hyper_1_14_chunk;file_id;uuid;YES;
_timescaledb_internal;_hyper_1_14_chunk;inserted_at;timestamp with time zone;NO;now()
_timescaledb_internal;_hyper_1_15_chunk;time;timestamp with time zone;NO;
_timescaledb_internal;_hyper_1_15_chunk;station_id;uuid;NO;
_timescaledb_internal;_hyper_1_15_chunk;variable_id;smallint;NO;
_timescaledb_internal;_hyper_1_15_chunk;source_id;smallint;NO;
_timescaledb_internal;_hyper_1_15_chunk;run_id;uuid;YES;
_timescaledb_internal;_hyper_1_15_chunk;run_id_norm;uuid;NO;
_timescaledb_internal;_hyper_1_15_chunk;value;double precision;NO;
_timescaledb_internal;_hyper_1_15_chunk;qc_flag;smallint;NO;0
_timescaledb_internal;_hyper_1_15_chunk;ingestion_id;uuid;YES;
_timescaledb_internal;_hyper_1_15_chunk;file_id;uuid;YES;
_timescaledb_internal;_hyper_1_15_chunk;inserted_at;timestamp with time zone;NO;now()
_timescaledb_internal;_hyper_1_16_chunk;time;timestamp with time zone;NO;
_timescaledb_internal;_hyper_1_16_chunk;station_id;uuid;NO;
_timescaledb_internal;_hyper_1_16_chunk;variable_id;smallint;NO;
_timescaledb_internal;_hyper_1_16_chunk;source_id;smallint;NO;
_timescaledb_internal;_hyper_1_16_chunk;run_id;uuid;YES;
_timescaledb_internal;_hyper_1_16_chunk;run_id_norm;uuid;NO;
_timescaledb_internal;_hyper_1_16_chunk;value;double precision;NO;
_timescaledb_internal;_hyper_1_16_chunk;qc_flag;smallint;NO;0
_timescaledb_internal;_hyper_1_16_chunk;ingestion_id;uuid;YES;
_timescaledb_internal;_hyper_1_16_chunk;file_id;uuid;YES;
_timescaledb_internal;_hyper_1_16_chunk;inserted_at;timestamp with time zone;NO;now()
_timescaledb_internal;_hyper_1_1_chunk;time;timestamp with time zone;NO;
_timescaledb_internal;_hyper_1_1_chunk;station_id;uuid;NO;
_timescaledb_internal;_hyper_1_1_chunk;variable_id;smallint;NO;
_timescaledb_internal;_hyper_1_1_chunk;source_id;smallint;NO;
_timescaledb_internal;_hyper_1_1_chunk;run_id;uuid;YES;
_timescaledb_internal;_hyper_1_1_chunk;run_id_norm;uuid;NO;
_timescaledb_internal;_hyper_1_1_chunk;value;double precision;NO;
_timescaledb_internal;_hyper_1_1_chunk;qc_flag;smallint;NO;0
_timescaledb_internal;_hyper_1_1_chunk;ingestion_id;uuid;YES;
_timescaledb_internal;_hyper_1_1_chunk;file_id;uuid;YES;
_timescaledb_internal;_hyper_1_1_chunk;inserted_at;timestamp with time zone;NO;now()
_timescaledb_internal;_hyper_1_22_chunk;time;timestamp with time zone;NO;
_timescaledb_internal;_hyper_1_22_chunk;station_id;uuid;NO;
_timescaledb_internal;_hyper_1_22_chunk;variable_id;smallint;NO;
_timescaledb_internal;_hyper_1_22_chunk;source_id;smallint;NO;
_timescaledb_internal;_hyper_1_22_chunk;run_id;uuid;YES;
_timescaledb_internal;_hyper_1_22_chunk;run_id_norm;uuid;NO;
_timescaledb_internal;_hyper_1_22_chunk;value;double precision;NO;
_timescaledb_internal;_hyper_1_22_chunk;qc_flag;smallint;NO;0
_timescaledb_internal;_hyper_1_22_chunk;ingestion_id;uuid;YES;
_timescaledb_internal;_hyper_1_22_chunk;file_id;uuid;YES;
_timescaledb_internal;_hyper_1_22_chunk;inserted_at;timestamp with time zone;NO;now()
_timescaledb_internal;_hyper_1_23_chunk;time;timestamp with time zone;NO;
_timescaledb_internal;_hyper_1_23_chunk;station_id;uuid;NO;
_timescaledb_internal;_hyper_1_23_chunk;variable_id;smallint;NO;
_timescaledb_internal;_hyper_1_23_chunk;source_id;smallint;NO;
_timescaledb_internal;_hyper_1_23_chunk;run_id;uuid;YES;
_timescaledb_internal;_hyper_1_23_chunk;run_id_norm;uuid;NO;
_timescaledb_internal;_hyper_1_23_chunk;value;double precision;NO;
_timescaledb_internal;_hyper_1_23_chunk;qc_flag;smallint;NO;0
_timescaledb_internal;_hyper_1_23_chunk;ingestion_id;uuid;YES;
_timescaledb_internal;_hyper_1_23_chunk;file_id;uuid;YES;
_timescaledb_internal;_hyper_1_23_chunk;inserted_at;timestamp with time zone;NO;now()
_timescaledb_internal;_hyper_1_24_chunk;time;timestamp with time zone;NO;
_timescaledb_internal;_hyper_1_24_chunk;station_id;uuid;NO;
_timescaledb_internal;_hyper_1_24_chunk;variable_id;smallint;NO;
_timescaledb_internal;_hyper_1_24_chunk;source_id;smallint;NO;
_timescaledb_internal;_hyper_1_24_chunk;run_id;uuid;YES;
_timescaledb_internal;_hyper_1_24_chunk;run_id_norm;uuid;NO;
_timescaledb_internal;_hyper_1_24_chunk;value;double precision;NO;
_timescaledb_internal;_hyper_1_24_chunk;qc_flag;smallint;NO;0
_timescaledb_internal;_hyper_1_24_chunk;ingestion_id;uuid;YES;
_timescaledb_internal;_hyper_1_24_chunk;file_id;uuid;YES;
_timescaledb_internal;_hyper_1_24_chunk;inserted_at;timestamp with time zone;NO;now()
_timescaledb_internal;_hyper_1_25_chunk;time;timestamp with time zone;NO;
_timescaledb_internal;_hyper_1_25_chunk;station_id;uuid;NO;
_timescaledb_internal;_hyper_1_25_chunk;variable_id;smallint;NO;
_timescaledb_internal;_hyper_1_25_chunk;source_id;smallint;NO;
_timescaledb_internal;_hyper_1_25_chunk;run_id;uuid;YES;
_timescaledb_internal;_hyper_1_25_chunk;run_id_norm;uuid;NO;
_timescaledb_internal;_hyper_1_25_chunk;value;double precision;NO;
_timescaledb_internal;_hyper_1_25_chunk;qc_flag;smallint;NO;0
_timescaledb_internal;_hyper_1_25_chunk;ingestion_id;uuid;YES;
_timescaledb_internal;_hyper_1_25_chunk;file_id;uuid;YES;
_timescaledb_internal;_hyper_1_25_chunk;inserted_at;timestamp with time zone;NO;now()
_timescaledb_internal;_hyper_1_26_chunk;time;timestamp with time zone;NO;
_timescaledb_internal;_hyper_1_26_chunk;station_id;uuid;NO;
_timescaledb_internal;_hyper_1_26_chunk;variable_id;smallint;NO;
_timescaledb_internal;_hyper_1_26_chunk;source_id;smallint;NO;
_timescaledb_internal;_hyper_1_26_chunk;run_id;uuid;YES;
_timescaledb_internal;_hyper_1_26_chunk;run_id_norm;uuid;NO;
_timescaledb_internal;_hyper_1_26_chunk;value;double precision;NO;
_timescaledb_internal;_hyper_1_26_chunk;qc_flag;smallint;NO;0
_timescaledb_internal;_hyper_1_26_chunk;ingestion_id;uuid;YES;
_timescaledb_internal;_hyper_1_26_chunk;file_id;uuid;YES;
_timescaledb_internal;_hyper_1_26_chunk;inserted_at;timestamp with time zone;NO;now()
_timescaledb_internal;_hyper_1_27_chunk;time;timestamp with time zone;NO;
_timescaledb_internal;_hyper_1_27_chunk;station_id;uuid;NO;
_timescaledb_internal;_hyper_1_27_chunk;variable_id;smallint;NO;
_timescaledb_internal;_hyper_1_27_chunk;source_id;smallint;NO;
_timescaledb_internal;_hyper_1_27_chunk;run_id;uuid;YES;
_timescaledb_internal;_hyper_1_27_chunk;run_id_norm;uuid;NO;
_timescaledb_internal;_hyper_1_27_chunk;value;double precision;NO;
_timescaledb_internal;_hyper_1_27_chunk;qc_flag;smallint;NO;0
_timescaledb_internal;_hyper_1_27_chunk;ingestion_id;uuid;YES;
_timescaledb_internal;_hyper_1_27_chunk;file_id;uuid;YES;
_timescaledb_internal;_hyper_1_27_chunk;inserted_at;timestamp with time zone;NO;now()
_timescaledb_internal;_hyper_1_28_chunk;time;timestamp with time zone;NO;
_timescaledb_internal;_hyper_1_28_chunk;station_id;uuid;NO;
_timescaledb_internal;_hyper_1_28_chunk;variable_id;smallint;NO;
_timescaledb_internal;_hyper_1_28_chunk;source_id;smallint;NO;
_timescaledb_internal;_hyper_1_28_chunk;run_id;uuid;YES;
_timescaledb_internal;_hyper_1_28_chunk;run_id_norm;uuid;NO;
_timescaledb_internal;_hyper_1_28_chunk;value;double precision;NO;
_timescaledb_internal;_hyper_1_28_chunk;qc_flag;smallint;NO;0
_timescaledb_internal;_hyper_1_28_chunk;ingestion_id;uuid;YES;
_timescaledb_internal;_hyper_1_28_chunk;file_id;uuid;YES;
_timescaledb_internal;_hyper_1_28_chunk;inserted_at;timestamp with time zone;NO;now()
_timescaledb_internal;_hyper_1_29_chunk;time;timestamp with time zone;NO;
_timescaledb_internal;_hyper_1_29_chunk;station_id;uuid;NO;
_timescaledb_internal;_hyper_1_29_chunk;variable_id;smallint;NO;
_timescaledb_internal;_hyper_1_29_chunk;source_id;smallint;NO;
_timescaledb_internal;_hyper_1_29_chunk;run_id;uuid;YES;
_timescaledb_internal;_hyper_1_29_chunk;run_id_norm;uuid;NO;
_timescaledb_internal;_hyper_1_29_chunk;value;double precision;NO;
_timescaledb_internal;_hyper_1_29_chunk;qc_flag;smallint;NO;0
_timescaledb_internal;_hyper_1_29_chunk;ingestion_id;uuid;YES;
_timescaledb_internal;_hyper_1_29_chunk;file_id;uuid;YES;
_timescaledb_internal;_hyper_1_29_chunk;inserted_at;timestamp with time zone;NO;now()
_timescaledb_internal;_hyper_1_2_chunk;time;timestamp with time zone;NO;
_timescaledb_internal;_hyper_1_2_chunk;station_id;uuid;NO;
_timescaledb_internal;_hyper_1_2_chunk;variable_id;smallint;NO;
_timescaledb_internal;_hyper_1_2_chunk;source_id;smallint;NO;
_timescaledb_internal;_hyper_1_2_chunk;run_id;uuid;YES;
_timescaledb_internal;_hyper_1_2_chunk;run_id_norm;uuid;NO;
_timescaledb_internal;_hyper_1_2_chunk;value;double precision;NO;
_timescaledb_internal;_hyper_1_2_chunk;qc_flag;smallint;NO;0
_timescaledb_internal;_hyper_1_2_chunk;ingestion_id;uuid;YES;
_timescaledb_internal;_hyper_1_2_chunk;file_id;uuid;YES;
_timescaledb_internal;_hyper_1_2_chunk;inserted_at;timestamp with time zone;NO;now()
_timescaledb_internal;_hyper_1_30_chunk;time;timestamp with time zone;NO;
_timescaledb_internal;_hyper_1_30_chunk;station_id;uuid;NO;
_timescaledb_internal;_hyper_1_30_chunk;variable_id;smallint;NO;
_timescaledb_internal;_hyper_1_30_chunk;source_id;smallint;NO;
_timescaledb_internal;_hyper_1_30_chunk;run_id;uuid;YES;
_timescaledb_internal;_hyper_1_30_chunk;run_id_norm;uuid;NO;
_timescaledb_internal;_hyper_1_30_chunk;value;double precision;NO;
_timescaledb_internal;_hyper_1_30_chunk;qc_flag;smallint;NO;0
_timescaledb_internal;_hyper_1_30_chunk;ingestion_id;uuid;YES;
_timescaledb_internal;_hyper_1_30_chunk;file_id;uuid;YES;
_timescaledb_internal;_hyper_1_30_chunk;inserted_at;timestamp with time zone;NO;now()
_timescaledb_internal;_hyper_1_31_chunk;time;timestamp with time zone;NO;
_timescaledb_internal;_hyper_1_31_chunk;station_id;uuid;NO;
_timescaledb_internal;_hyper_1_31_chunk;variable_id;smallint;NO;
_timescaledb_internal;_hyper_1_31_chunk;source_id;smallint;NO;
_timescaledb_internal;_hyper_1_31_chunk;run_id;uuid;YES;
_timescaledb_internal;_hyper_1_31_chunk;run_id_norm;uuid;NO;
_timescaledb_internal;_hyper_1_31_chunk;value;double precision;NO;
_timescaledb_internal;_hyper_1_31_chunk;qc_flag;smallint;NO;0
_timescaledb_internal;_hyper_1_31_chunk;ingestion_id;uuid;YES;
_timescaledb_internal;_hyper_1_31_chunk;file_id;uuid;YES;
_timescaledb_internal;_hyper_1_31_chunk;inserted_at;timestamp with time zone;NO;now()
_timescaledb_internal;_hyper_1_32_chunk;time;timestamp with time zone;NO;
_timescaledb_internal;_hyper_1_32_chunk;station_id;uuid;NO;
_timescaledb_internal;_hyper_1_32_chunk;variable_id;smallint;NO;
_timescaledb_internal;_hyper_1_32_chunk;source_id;smallint;NO;
_timescaledb_internal;_hyper_1_32_chunk;run_id;uuid;YES;
_timescaledb_internal;_hyper_1_32_chunk;run_id_norm;uuid;NO;
_timescaledb_internal;_hyper_1_32_chunk;value;double precision;NO;
_timescaledb_internal;_hyper_1_32_chunk;qc_flag;smallint;NO;0
_timescaledb_internal;_hyper_1_32_chunk;ingestion_id;uuid;YES;
_timescaledb_internal;_hyper_1_32_chunk;file_id;uuid;YES;
_timescaledb_internal;_hyper_1_32_chunk;inserted_at;timestamp with time zone;NO;now()
_timescaledb_internal;_hyper_1_33_chunk;time;timestamp with time zone;NO;
_timescaledb_internal;_hyper_1_33_chunk;station_id;uuid;NO;
_timescaledb_internal;_hyper_1_33_chunk;variable_id;smallint;NO;
_timescaledb_internal;_hyper_1_33_chunk;source_id;smallint;NO;
_timescaledb_internal;_hyper_1_33_chunk;run_id;uuid;YES;
_timescaledb_internal;_hyper_1_33_chunk;run_id_norm;uuid;NO;
_timescaledb_internal;_hyper_1_33_chunk;value;double precision;NO;
_timescaledb_internal;_hyper_1_33_chunk;qc_flag;smallint;NO;0
_timescaledb_internal;_hyper_1_33_chunk;ingestion_id;uuid;YES;
_timescaledb_internal;_hyper_1_33_chunk;file_id;uuid;YES;
_timescaledb_internal;_hyper_1_33_chunk;inserted_at;timestamp with time zone;NO;now()
_timescaledb_internal;_hyper_1_3_chunk;time;timestamp with time zone;NO;
_timescaledb_internal;_hyper_1_3_chunk;station_id;uuid;NO;
_timescaledb_internal;_hyper_1_3_chunk;variable_id;smallint;NO;
_timescaledb_internal;_hyper_1_3_chunk;source_id;smallint;NO;
_timescaledb_internal;_hyper_1_3_chunk;run_id;uuid;YES;
_timescaledb_internal;_hyper_1_3_chunk;run_id_norm;uuid;NO;
_timescaledb_internal;_hyper_1_3_chunk;value;double precision;NO;
_timescaledb_internal;_hyper_1_3_chunk;qc_flag;smallint;NO;0
_timescaledb_internal;_hyper_1_3_chunk;ingestion_id;uuid;YES;
_timescaledb_internal;_hyper_1_3_chunk;file_id;uuid;YES;
_timescaledb_internal;_hyper_1_3_chunk;inserted_at;timestamp with time zone;NO;now()
_timescaledb_internal;_hyper_1_4_chunk;time;timestamp with time zone;NO;
_timescaledb_internal;_hyper_1_4_chunk;station_id;uuid;NO;
_timescaledb_internal;_hyper_1_4_chunk;variable_id;smallint;NO;
_timescaledb_internal;_hyper_1_4_chunk;source_id;smallint;NO;
_timescaledb_internal;_hyper_1_4_chunk;run_id;uuid;YES;
_timescaledb_internal;_hyper_1_4_chunk;run_id_norm;uuid;NO;
_timescaledb_internal;_hyper_1_4_chunk;value;double precision;NO;
_timescaledb_internal;_hyper_1_4_chunk;qc_flag;smallint;NO;0
_timescaledb_internal;_hyper_1_4_chunk;ingestion_id;uuid;YES;
_timescaledb_internal;_hyper_1_4_chunk;file_id;uuid;YES;
_timescaledb_internal;_hyper_1_4_chunk;inserted_at;timestamp with time zone;NO;now()
_timescaledb_internal;_hyper_1_9_chunk;time;timestamp with time zone;NO;
_timescaledb_internal;_hyper_1_9_chunk;station_id;uuid;NO;
_timescaledb_internal;_hyper_1_9_chunk;variable_id;smallint;NO;
_timescaledb_internal;_hyper_1_9_chunk;source_id;smallint;NO;
_timescaledb_internal;_hyper_1_9_chunk;run_id;uuid;YES;
_timescaledb_internal;_hyper_1_9_chunk;run_id_norm;uuid;NO;
_timescaledb_internal;_hyper_1_9_chunk;value;double precision;NO;
_timescaledb_internal;_hyper_1_9_chunk;qc_flag;smallint;NO;0
_timescaledb_internal;_hyper_1_9_chunk;ingestion_id;uuid;YES;
_timescaledb_internal;_hyper_1_9_chunk;file_id;uuid;YES;
_timescaledb_internal;_hyper_1_9_chunk;inserted_at;timestamp with time zone;NO;now()
_timescaledb_internal;_hyper_2_19_chunk;time;timestamp with time zone;NO;
_timescaledb_internal;_hyper_2_19_chunk;basin_id;uuid;NO;
_timescaledb_internal;_hyper_2_19_chunk;variable_id;integer;NO;
_timescaledb_internal;_hyper_2_19_chunk;source_id;integer;NO;
_timescaledb_internal;_hyper_2_19_chunk;run_id;uuid;YES;
_timescaledb_internal;_hyper_2_19_chunk;value;double precision;YES;
_timescaledb_internal;_hyper_2_19_chunk;quality;text;YES;
_timescaledb_internal;_hyper_2_19_chunk;created_at;timestamp with time zone;NO;now()
_timescaledb_internal;_hyper_2_20_chunk;time;timestamp with time zone;NO;
_timescaledb_internal;_hyper_2_20_chunk;basin_id;uuid;NO;
_timescaledb_internal;_hyper_2_20_chunk;variable_id;integer;NO;
_timescaledb_internal;_hyper_2_20_chunk;source_id;integer;NO;
_timescaledb_internal;_hyper_2_20_chunk;run_id;uuid;YES;
_timescaledb_internal;_hyper_2_20_chunk;value;double precision;YES;
_timescaledb_internal;_hyper_2_20_chunk;quality;text;YES;
_timescaledb_internal;_hyper_2_20_chunk;created_at;timestamp with time zone;NO;now()
_timescaledb_internal;_hyper_2_21_chunk;time;timestamp with time zone;NO;
_timescaledb_internal;_hyper_2_21_chunk;basin_id;uuid;NO;
_timescaledb_internal;_hyper_2_21_chunk;variable_id;integer;NO;
_timescaledb_internal;_hyper_2_21_chunk;source_id;integer;NO;
_timescaledb_internal;_hyper_2_21_chunk;run_id;uuid;YES;
_timescaledb_internal;_hyper_2_21_chunk;value;double precision;YES;
_timescaledb_internal;_hyper_2_21_chunk;quality;text;YES;
_timescaledb_internal;_hyper_2_21_chunk;created_at;timestamp with time zone;NO;now()
_timescaledb_internal;_hyper_2_34_chunk;time;timestamp with time zone;NO;
_timescaledb_internal;_hyper_2_34_chunk;basin_id;uuid;NO;
_timescaledb_internal;_hyper_2_34_chunk;variable_id;integer;NO;
_timescaledb_internal;_hyper_2_34_chunk;source_id;integer;NO;
_timescaledb_internal;_hyper_2_34_chunk;run_id;uuid;YES;
_timescaledb_internal;_hyper_2_34_chunk;value;double precision;YES;
_timescaledb_internal;_hyper_2_34_chunk;quality;text;YES;
_timescaledb_internal;_hyper_2_34_chunk;created_at;timestamp with time zone;NO;now()
_timescaledb_internal;_hyper_2_35_chunk;time;timestamp with time zone;NO;
_timescaledb_internal;_hyper_2_35_chunk;basin_id;uuid;NO;
_timescaledb_internal;_hyper_2_35_chunk;variable_id;integer;NO;
_timescaledb_internal;_hyper_2_35_chunk;source_id;integer;NO;
_timescaledb_internal;_hyper_2_35_chunk;run_id;uuid;YES;
_timescaledb_internal;_hyper_2_35_chunk;value;double precision;YES;
_timescaledb_internal;_hyper_2_35_chunk;quality;text;YES;
_timescaledb_internal;_hyper_2_35_chunk;created_at;timestamp with time zone;NO;now()
_timescaledb_internal;_hyper_2_36_chunk;time;timestamp with time zone;NO;
_timescaledb_internal;_hyper_2_36_chunk;basin_id;uuid;NO;
_timescaledb_internal;_hyper_2_36_chunk;variable_id;integer;NO;
_timescaledb_internal;_hyper_2_36_chunk;source_id;integer;NO;
_timescaledb_internal;_hyper_2_36_chunk;run_id;uuid;YES;
_timescaledb_internal;_hyper_2_36_chunk;value;double precision;YES;
_timescaledb_internal;_hyper_2_36_chunk;quality;text;YES;
_timescaledb_internal;_hyper_2_36_chunk;created_at;timestamp with time zone;NO;now()
_timescaledb_internal;_hyper_2_5_chunk;time;timestamp with time zone;NO;
_timescaledb_internal;_hyper_2_5_chunk;basin_id;uuid;NO;
_timescaledb_internal;_hyper_2_5_chunk;variable_id;integer;NO;
_timescaledb_internal;_hyper_2_5_chunk;source_id;integer;NO;
_timescaledb_internal;_hyper_2_5_chunk;run_id;uuid;YES;
_timescaledb_internal;_hyper_2_5_chunk;value;double precision;YES;
_timescaledb_internal;_hyper_2_5_chunk;quality;text;YES;
_timescaledb_internal;_hyper_2_5_chunk;created_at;timestamp with time zone;NO;now()
_timescaledb_internal;_hyper_2_6_chunk;time;timestamp with time zone;NO;
_timescaledb_internal;_hyper_2_6_chunk;basin_id;uuid;NO;
_timescaledb_internal;_hyper_2_6_chunk;variable_id;integer;NO;
_timescaledb_internal;_hyper_2_6_chunk;source_id;integer;NO;
_timescaledb_internal;_hyper_2_6_chunk;run_id;uuid;YES;
_timescaledb_internal;_hyper_2_6_chunk;value;double precision;YES;
_timescaledb_internal;_hyper_2_6_chunk;quality;text;YES;
_timescaledb_internal;_hyper_2_6_chunk;created_at;timestamp with time zone;NO;now()
_timescaledb_internal;_hyper_2_7_chunk;time;timestamp with time zone;NO;
_timescaledb_internal;_hyper_2_7_chunk;basin_id;uuid;NO;
_timescaledb_internal;_hyper_2_7_chunk;variable_id;integer;NO;
_timescaledb_internal;_hyper_2_7_chunk;source_id;integer;NO;
_timescaledb_internal;_hyper_2_7_chunk;run_id;uuid;YES;
_timescaledb_internal;_hyper_2_7_chunk;value;double precision;YES;
_timescaledb_internal;_hyper_2_7_chunk;quality;text;YES;
_timescaledb_internal;_hyper_2_7_chunk;created_at;timestamp with time zone;NO;now()
_timescaledb_internal;_hyper_3_8_chunk;bucket_1h;timestamp with time zone;NO;
_timescaledb_internal;_hyper_3_8_chunk;station_id;uuid;YES;
_timescaledb_internal;_hyper_3_8_chunk;variable_id;smallint;YES;
_timescaledb_internal;_hyper_3_8_chunk;source_id;smallint;YES;
_timescaledb_internal;_hyper_3_8_chunk;run_id;uuid;YES;
_timescaledb_internal;_hyper_3_8_chunk;sum_value;double precision;YES;
_timescaledb_internal;_hyper_3_8_chunk;max_value;double precision;YES;
_timescaledb_internal;_materialized_hypertable_3;bucket_1h;timestamp with time zone;NO;
_timescaledb_internal;_materialized_hypertable_3;station_id;uuid;YES;
_timescaledb_internal;_materialized_hypertable_3;variable_id;smallint;YES;
_timescaledb_internal;_materialized_hypertable_3;source_id;smallint;YES;
_timescaledb_internal;_materialized_hypertable_3;run_id;uuid;YES;
_timescaledb_internal;_materialized_hypertable_3;sum_value;double precision;YES;
_timescaledb_internal;_materialized_hypertable_3;max_value;double precision;YES;
_timescaledb_internal;_partial_view_3;bucket_1h;timestamp with time zone;YES;
_timescaledb_internal;_partial_view_3;station_id;uuid;YES;
_timescaledb_internal;_partial_view_3;variable_id;smallint;YES;
_timescaledb_internal;_partial_view_3;source_id;smallint;YES;
_timescaledb_internal;_partial_view_3;run_id;uuid;YES;
_timescaledb_internal;_partial_view_3;sum_value;double precision;YES;
_timescaledb_internal;_partial_view_3;max_value;double precision;YES;
_timescaledb_internal;bgw_job_stat;job_id;integer;NO;
_timescaledb_internal;bgw_job_stat;last_start;timestamp with time zone;NO;now()
_timescaledb_internal;bgw_job_stat;last_finish;timestamp with time zone;NO;
_timescaledb_internal;bgw_job_stat;next_start;timestamp with time zone;NO;
_timescaledb_internal;bgw_job_stat;last_successful_finish;timestamp with time zone;NO;
_timescaledb_internal;bgw_job_stat;last_run_success;boolean;NO;
_timescaledb_internal;bgw_job_stat;total_runs;bigint;NO;
_timescaledb_internal;bgw_job_stat;total_duration;interval;NO;
_timescaledb_internal;bgw_job_stat;total_duration_failures;interval;NO;
_timescaledb_internal;bgw_job_stat;total_successes;bigint;NO;
_timescaledb_internal;bgw_job_stat;total_failures;bigint;NO;
_timescaledb_internal;bgw_job_stat;total_crashes;bigint;NO;
_timescaledb_internal;bgw_job_stat;consecutive_failures;integer;NO;
_timescaledb_internal;bgw_job_stat;consecutive_crashes;integer;NO;
_timescaledb_internal;bgw_job_stat;flags;integer;NO;0
_timescaledb_internal;bgw_job_stat_history;id;bigint;NO;nextval('_timescaledb_internal.bgw_job_stat_history_id_seq'::regclass)
_timescaledb_internal;bgw_job_stat_history;job_id;integer;NO;
_timescaledb_internal;bgw_job_stat_history;pid;integer;YES;
_timescaledb_internal;bgw_job_stat_history;execution_start;timestamp with time zone;NO;now()
_timescaledb_internal;bgw_job_stat_history;execution_finish;timestamp with time zone;YES;
_timescaledb_internal;bgw_job_stat_history;succeeded;boolean;YES;
_timescaledb_internal;bgw_job_stat_history;data;jsonb;YES;
_timescaledb_internal;bgw_policy_chunk_stats;job_id;integer;NO;
_timescaledb_internal;bgw_policy_chunk_stats;chunk_id;integer;NO;
_timescaledb_internal;bgw_policy_chunk_stats;num_times_job_run;integer;YES;
_timescaledb_internal;bgw_policy_chunk_stats;last_time_job_run;timestamp with time zone;YES;
_timescaledb_internal;compressed_chunk_stats;hypertable_schema;name;YES;
_timescaledb_internal;compressed_chunk_stats;hypertable_name;name;YES;
_timescaledb_internal;compressed_chunk_stats;chunk_schema;name;YES;
_timescaledb_internal;compressed_chunk_stats;chunk_name;name;YES;
_timescaledb_internal;compressed_chunk_stats;compression_status;text;YES;
_timescaledb_internal;compressed_chunk_stats;uncompressed_heap_size;bigint;YES;
_timescaledb_internal;compressed_chunk_stats;uncompressed_index_size;bigint;YES;
_timescaledb_internal;compressed_chunk_stats;uncompressed_toast_size;bigint;YES;
_timescaledb_internal;compressed_chunk_stats;uncompressed_total_size;bigint;YES;
_timescaledb_internal;compressed_chunk_stats;compressed_heap_size;bigint;YES;
_timescaledb_internal;compressed_chunk_stats;compressed_index_size;bigint;YES;
_timescaledb_internal;compressed_chunk_stats;compressed_toast_size;bigint;YES;
_timescaledb_internal;compressed_chunk_stats;compressed_total_size;bigint;YES;
_timescaledb_internal;hypertable_chunk_local_size;hypertable_schema;name;YES;
_timescaledb_internal;hypertable_chunk_local_size;hypertable_name;name;YES;
_timescaledb_internal;hypertable_chunk_local_size;hypertable_id;integer;YES;
_timescaledb_internal;hypertable_chunk_local_size;chunk_id;integer;YES;
_timescaledb_internal;hypertable_chunk_local_size;chunk_schema;name;YES;
_timescaledb_internal;hypertable_chunk_local_size;chunk_name;name;YES;
_timescaledb_internal;hypertable_chunk_local_size;total_bytes;bigint;YES;
_timescaledb_internal;hypertable_chunk_local_size;heap_bytes;bigint;YES;
_timescaledb_internal;hypertable_chunk_local_size;index_bytes;bigint;YES;
_timescaledb_internal;hypertable_chunk_local_size;toast_bytes;bigint;YES;
_timescaledb_internal;hypertable_chunk_local_size;compressed_total_size;bigint;YES;
_timescaledb_internal;hypertable_chunk_local_size;compressed_heap_size;bigint;YES;
_timescaledb_internal;hypertable_chunk_local_size;compressed_index_size;bigint;YES;
_timescaledb_internal;hypertable_chunk_local_size;compressed_toast_size;bigint;YES;
api;cagg_station_1h;bucket_1h;timestamp with time zone;YES;
api;cagg_station_1h;station_id;uuid;YES;
api;cagg_station_1h;variable_id;smallint;YES;
api;cagg_station_1h;source_id;smallint;YES;
api;cagg_station_1h;run_id;uuid;YES;
api;cagg_station_1h;sum_value;double precision;YES;
api;cagg_station_1h;max_value;double precision;YES;
api;v_basin;basin_id;uuid;YES;
api;v_basin;basin_code;text;YES;
api;v_basin;basin_name;text;YES;
api;v_basin;level;smallint;YES;
api;v_basin;parent_basin_id;uuid;YES;
api;v_basin;parent_basin_code;text;YES;
api;v_basin;parent_basin_name;text;YES;
api;v_basin;geom;USER-DEFINED;YES;
api;v_basin;created_at;timestamp with time zone;YES;
api;v_kpi_precip_cum_24h;entity_type;text;YES;
api;v_kpi_precip_cum_24h;entity_id;uuid;YES;
api;v_kpi_precip_cum_24h;entity_code;text;YES;
api;v_kpi_precip_cum_24h;entity_name;text;YES;
api;v_kpi_precip_cum_24h;basin_id;uuid;YES;
api;v_kpi_precip_cum_24h;basin_code;text;YES;
api;v_kpi_precip_cum_24h;basin_name;text;YES;
api;v_kpi_precip_cum_24h;source_code;text;YES;
api;v_kpi_precip_cum_24h;run_time;timestamp with time zone;YES;
api;v_kpi_precip_cum_24h;precip_cum_24h;double precision;YES;
api;v_latest;entity_type;text;YES;
api;v_latest;entity_id;uuid;YES;
api;v_latest;entity_code;text;YES;
api;v_latest;entity_name;text;YES;
api;v_latest;entity_subtype;text;YES;
api;v_latest;basin_id;uuid;YES;
api;v_latest;basin_code;text;YES;
api;v_latest;basin_name;text;YES;
api;v_latest;variable_code;text;YES;
api;v_latest;variable_label;text;YES;
api;v_latest;variable_unit;text;YES;
api;v_latest;source_code;text;YES;
api;v_latest;source_label;text;YES;
api;v_latest;run_id;uuid;YES;
api;v_latest;run_time;timestamp with time zone;YES;
api;v_latest;model_name;text;YES;
api;v_latest;horizon_hours;integer;YES;
api;v_latest;value_time;timestamp with time zone;YES;
api;v_latest;value;double precision;YES;
api;v_latest;qc_flag;smallint;YES;
api;v_latest_station_pivot;station_id;uuid;YES;
api;v_latest_station_pivot;station_code;text;YES;
api;v_latest_station_pivot;station_name;text;YES;
api;v_latest_station_pivot;station_type;text;YES;
api;v_latest_station_pivot;basin_id;uuid;YES;
api;v_latest_station_pivot;basin_code;text;YES;
api;v_latest_station_pivot;basin_name;text;YES;
api;v_latest_station_pivot;precip_obs_mm;double precision;YES;
api;v_latest_station_pivot;precip_obs_time;timestamp with time zone;YES;
api;v_latest_station_pivot;precip_arome_mm;double precision;YES;
api;v_latest_station_pivot;precip_arome_time;timestamp with time zone;YES;
api;v_latest_station_pivot;precip_arome_run_time;timestamp with time zone;YES;
api;v_latest_station_pivot;precip_ecmwf_mm;double precision;YES;
api;v_latest_station_pivot;precip_ecmwf_time;timestamp with time zone;YES;
api;v_latest_station_pivot;precip_ecmwf_run_time;timestamp with time zone;YES;
api;v_latest_station_pivot;debit_obs_m3s;double precision;YES;
api;v_latest_station_pivot;debit_obs_time;timestamp with time zone;YES;
api;v_latest_station_pivot;debit_sim_m3s;double precision;YES;
api;v_latest_station_pivot;debit_sim_time;timestamp with time zone;YES;
api;v_latest_station_pivot;debit_res_m3s;double precision;YES;
api;v_latest_station_pivot;debit_res_time;timestamp with time zone;YES;
api;v_latest_station_pivot;debit_res_run_time;timestamp with time zone;YES;
api;v_latest_station_pivot;apport_m3s_latest;double precision;YES;
api;v_latest_station_pivot;apport_m3s_time;timestamp with time zone;YES;
api;v_latest_station_pivot;lacher_m3s_latest;double precision;YES;
api;v_latest_station_pivot;lacher_m3s_time;timestamp with time zone;YES;
api;v_latest_station_pivot;volume_obs_hm3;double precision;YES;
api;v_latest_station_pivot;volume_sim_hm3;double precision;YES;
api;v_latest_station_pivot;volume_hm3_latest;double precision;YES;
api;v_latest_station_pivot;volume_hm3_time;timestamp with time zone;YES;
api;v_latest_station_pivot;volume_mm3_latest;double precision;YES;
api;v_latest_station_pivot;volume_mm3_time;timestamp with time zone;YES;
api;v_latest_station_pivot;volume_abhs_hm3_latest;double precision;YES;
api;v_latest_station_pivot;volume_abhs_hm3_time;timestamp with time zone;YES;
api;v_latest_station_pivot;volume_alt_hm3_latest;double precision;YES;
api;v_latest_station_pivot;volume_alt_hm3_time;timestamp with time zone;YES;
api;v_map_basins;basin_id;uuid;YES;
api;v_map_basins;basin_code;text;YES;
api;v_map_basins;basin_name;text;YES;
api;v_map_basins;level;smallint;YES;
api;v_map_basins;parent_basin_id;uuid;YES;
api;v_map_basins;geometry;json;YES;
api;v_map_points_kpi;station_id;uuid;YES;
api;v_map_points_kpi;station_code;text;YES;
api;v_map_points_kpi;station_name;text;YES;
api;v_map_points_kpi;station_type;text;YES;
api;v_map_points_kpi;basin_id;uuid;YES;
api;v_map_points_kpi;basin_code;text;YES;
api;v_map_points_kpi;basin_name;text;YES;
api;v_map_points_kpi;is_active;boolean;YES;
api;v_map_points_kpi;geometry;json;YES;
api;v_map_points_kpi;precip_obs_mm;double precision;YES;
api;v_map_points_kpi;precip_obs_time;timestamp with time zone;YES;
api;v_map_points_kpi;precip_arome_mm;double precision;YES;
api;v_map_points_kpi;debit_obs_m3s;double precision;YES;
api;v_map_points_kpi;debit_sim_m3s;double precision;YES;
api;v_map_points_kpi;debit_obs_time;timestamp with time zone;YES;
api;v_map_points_kpi;lacher_m3s_latest;double precision;YES;
api;v_map_points_kpi;lacher_m3s_time;timestamp with time zone;YES;
api;v_map_points_kpi;volume_hm3_latest;double precision;YES;
api;v_map_points_kpi;volume_obs_hm3;double precision;YES;
api;v_map_points_kpi;volume_sim_hm3;double precision;YES;
api;v_map_points_kpi;volume_hm3_time;timestamp with time zone;YES;
api;v_map_points_kpi;kpi_source;text;YES;
api;v_map_points_kpi;kpi_run_time;timestamp with time zone;YES;
api;v_map_points_kpi;precip_cum_24h_mm;double precision;YES;
api;v_map_points_kpi;debit_max_24h_m3s;double precision;YES;
api;v_map_points_kpi;lacher_max_24h_m3s;double precision;YES;
api;v_map_points_kpi;apport_max_24h_m3s;double precision;YES;
api;v_map_points_kpi;severity;text;YES;
api;v_map_points_kpi;score;double precision;YES;
api;v_map_station_points;station_id;uuid;YES;
api;v_map_station_points;station_code;text;YES;
api;v_map_station_points;station_name;text;YES;
api;v_map_station_points;station_type;text;YES;
api;v_map_station_points;basin_id;uuid;YES;
api;v_map_station_points;basin_code;text;YES;
api;v_map_station_points;basin_name;text;YES;
api;v_map_station_points;is_active;boolean;YES;
api;v_map_station_points;geometry;json;YES;
api;v_map_station_points;variable_code;text;YES;
api;v_map_station_points;source_code;text;YES;
api;v_map_station_points;run_time;timestamp with time zone;YES;
api;v_map_station_points;value_time;timestamp with time zone;YES;
api;v_map_station_points;value;double precision;YES;
api;v_map_station_points;variable_unit;text;YES;
api;v_reach;reach_id;uuid;YES;
api;v_reach;reach_code;text;YES;
api;v_reach;reach_name;text;YES;
api;v_reach;basin_id;uuid;YES;
api;v_reach;basin_code;text;YES;
api;v_reach;basin_name;text;YES;
api;v_reach;geom;USER-DEFINED;YES;
api;v_reach;created_at;timestamp with time zone;YES;
api;v_recap_alerte_prevision;jour;date;YES;
api;v_recap_alerte_prevision;barrage_id;text;YES;
api;v_recap_alerte_prevision;barrage;text;YES;
api;v_recap_alerte_prevision;bassin;text;YES;
api;v_recap_alerte_prevision;capacite_mm3;double precision;YES;
api;v_recap_alerte_prevision;volume_prevu_mm3;double precision;YES;
api;v_recap_alerte_prevision;creux_prevu_mm3;double precision;YES;
api;v_recap_apports_journalier;jour;date;YES;
api;v_recap_apports_journalier;barrage_id;text;YES;
api;v_recap_apports_journalier;barrage;text;YES;
api;v_recap_apports_journalier;retenue_8h_mm3;double precision;YES;
api;v_recap_apports_journalier;debit_max_j;double precision;YES;
api;v_recap_apports_journalier;debit_moy_j;double precision;YES;
api;v_recap_apports_journalier;restitutions_mm3;double precision;YES;
api;v_recap_apports_journalier;apports_mm3;double precision;YES;
api;v_recap_apports_journalier;creux_mm3;double precision;YES;
api;v_recap_barrage_journalier;jour;date;YES;
api;v_recap_barrage_journalier;barrage_id;text;YES;
api;v_recap_barrage_journalier;barrage;text;YES;
api;v_recap_barrage_journalier;bassin;text;YES;
api;v_recap_barrage_journalier;pluie_moy_mm;double precision;YES;
api;v_recap_barrage_journalier;retenue_sim_8h_mm3;double precision;YES;
api;v_recap_barrage_journalier;apports_mm3;double precision;YES;
api;v_recap_barrage_journalier;volume_sim_8h_mm3;double precision;YES;
api;v_recap_barrage_journalier;creux_mm3;double precision;YES;
api;v_recap_barrage_journalier;lacher_mm3;double precision;YES;
api;v_recap_barrage_journalier;debit_max_m3s;double precision;YES;
api;v_recap_barrage_journalier;debit_moy_m3s;double precision;YES;
api;v_recap_barrage_journalier;capacite_mm3;double precision;YES;
api;v_recap_debit_journalier;jour;date;YES;
api;v_recap_debit_journalier;barrage_id;text;YES;
api;v_recap_debit_journalier;barrage;text;YES;
api;v_recap_debit_journalier;debit_max_j;double precision;YES;
api;v_recap_debit_journalier;debit_moy_j;double precision;YES;
api;v_recap_debit_journalier;restitutions_mm3;double precision;YES;
api;v_recap_debit_journalier;retenue_8h_mm3;double precision;YES;
api;v_recap_debit_journalier;apports_mm3;double precision;YES;
api;v_recap_pluie_bv_journalier;jour;date;YES;
api;v_recap_pluie_bv_journalier;barrage_id;text;YES;
api;v_recap_pluie_bv_journalier;pluie_moy_mm;double precision;YES;
api;v_recap_pluie_journalier;jour;date;YES;
api;v_recap_pluie_journalier;barrage_id;text;YES;
api;v_recap_pluie_journalier;pluie_moy_dgm;double precision;YES;
api;v_ref_run;run_id;uuid;YES;
api;v_ref_run;source_id;smallint;YES;
api;v_ref_run;model_name;text;YES;
api;v_ref_run;run_time;timestamp with time zone;YES;
api;v_ref_run;horizon_hours;integer;YES;
api;v_ref_run;grid_name;text;YES;
api;v_ref_run;version;text;YES;
api;v_ref_run;label;text;YES;
api;v_ref_run;updated_at;timestamp with time zone;YES;
api;v_ref_source;source_id;smallint;YES;
api;v_ref_source;source_code;text;YES;
api;v_ref_source;source_label;text;YES;
api;v_ref_source;source_type;text;YES;
api;v_ref_source;provider;text;YES;
api;v_ref_source;description;text;YES;
api;v_ref_variable;variable_id;smallint;YES;
api;v_ref_variable;variable_code;text;YES;
api;v_ref_variable;variable_label;text;YES;
api;v_ref_variable;variable_unit;text;YES;
api;v_ref_variable;description;text;YES;
api;v_ref_variable_id_code;variable_id;smallint;YES;
api;v_ref_variable_id_code;code;text;YES;
api;v_station;station_id;uuid;YES;
api;v_station;station_code;text;YES;
api;v_station;station_name;text;YES;
api;v_station;station_type;text;YES;
api;v_station;basin_id;uuid;YES;
api;v_station;basin_code;text;YES;
api;v_station;basin_name;text;YES;
api;v_station;elevation_m;numeric;YES;
api;v_station;is_active;boolean;YES;
api;v_station;geom;USER-DEFINED;YES;
api;v_station;created_at;timestamp with time zone;YES;
api;v_timeseries;entity_type;text;YES;
api;v_timeseries;entity_id;uuid;YES;
api;v_timeseries;entity_code;text;YES;
api;v_timeseries;entity_name;text;YES;
api;v_timeseries;entity_subtype;text;YES;
api;v_timeseries;basin_id;uuid;YES;
api;v_timeseries;basin_code;text;YES;
api;v_timeseries;basin_name;text;YES;
api;v_timeseries;time;timestamp with time zone;YES;
api;v_timeseries;variable_code;text;YES;
api;v_timeseries;variable_label;text;YES;
api;v_timeseries;variable_unit;text;YES;
api;v_timeseries;source_code;text;YES;
api;v_timeseries;source_label;text;YES;
api;v_timeseries;run_id;uuid;YES;
api;v_timeseries;run_time;timestamp with time zone;YES;
api;v_timeseries;model_name;text;YES;
api;v_timeseries;horizon_hours;integer;YES;
api;v_timeseries;value;double precision;YES;
api;v_timeseries;qc_flag;smallint;YES;
api;v_timeseries_basin;time;timestamp with time zone;YES;
api;v_timeseries_basin;basin_id;uuid;YES;
api;v_timeseries_basin;basin_code;text;YES;
api;v_timeseries_basin;basin_name;text;YES;
api;v_timeseries_basin;level;smallint;YES;
api;v_timeseries_basin;parent_basin_id;uuid;YES;
api;v_timeseries_basin;variable_id;integer;YES;
api;v_timeseries_basin;variable_code;text;YES;
api;v_timeseries_basin;variable_label;text;YES;
api;v_timeseries_basin;variable_unit;text;YES;
api;v_timeseries_basin;source_id;integer;YES;
api;v_timeseries_basin;source_code;text;YES;
api;v_timeseries_basin;source_label;text;YES;
api;v_timeseries_basin;source_type;text;YES;
api;v_timeseries_basin;provider;text;YES;
api;v_timeseries_basin;run_id;uuid;YES;
api;v_timeseries_basin;run_time;timestamp with time zone;YES;
api;v_timeseries_basin;model_name;text;YES;
api;v_timeseries_basin;horizon_hours;integer;YES;
api;v_timeseries_basin;grid_name;text;YES;
api;v_timeseries_basin;version;text;YES;
api;v_timeseries_basin;run_label;text;YES;
api;v_timeseries_basin;value;double precision;YES;
api;v_timeseries_basin;quality;text;YES;
api;v_timeseries_basin;created_at;timestamp with time zone;YES;
api;v_timeseries_station;time;timestamp with time zone;YES;
api;v_timeseries_station;station_id;uuid;YES;
api;v_timeseries_station;station_code;text;YES;
api;v_timeseries_station;station_name;text;YES;
api;v_timeseries_station;station_type;text;YES;
api;v_timeseries_station;basin_id;uuid;YES;
api;v_timeseries_station;basin_code;text;YES;
api;v_timeseries_station;basin_name;text;YES;
api;v_timeseries_station;variable_id;smallint;YES;
api;v_timeseries_station;variable_code;text;YES;
api;v_timeseries_station;variable_label;text;YES;
api;v_timeseries_station;variable_unit;text;YES;
api;v_timeseries_station;source_id;smallint;YES;
api;v_timeseries_station;source_code;text;YES;
api;v_timeseries_station;source_label;text;YES;
api;v_timeseries_station;source_type;text;YES;
api;v_timeseries_station;provider;text;YES;
api;v_timeseries_station;run_id;uuid;YES;
api;v_timeseries_station;run_time;timestamp with time zone;YES;
api;v_timeseries_station;model_name;text;YES;
api;v_timeseries_station;horizon_hours;integer;YES;
api;v_timeseries_station;grid_name;text;YES;
api;v_timeseries_station;version;text;YES;
api;v_timeseries_station;run_label;text;YES;
api;v_timeseries_station;value;double precision;YES;
api;v_timeseries_station;qc_flag;smallint;YES;
api;v_timeseries_station;ingestion_id;uuid;YES;
api;v_timeseries_station;file_id;uuid;YES;
api;v_timeseries_station;inserted_at;timestamp with time zone;YES;
api;v_top_critical_24h;station_id;uuid;YES;
api;v_top_critical_24h;station_code;text;YES;
api;v_top_critical_24h;station_name;text;YES;
api;v_top_critical_24h;station_type;text;YES;
api;v_top_critical_24h;basin_code;text;YES;
api;v_top_critical_24h;basin_name;text;YES;
api;v_top_critical_24h;source_code;text;YES;
api;v_top_critical_24h;run_time;timestamp with time zone;YES;
api;v_top_critical_24h;precip_cum_24h_mm;double precision;YES;
api;v_top_critical_24h;debit_max_24h_m3s;double precision;YES;
api;v_top_critical_24h;lacher_max_24h_m3s;double precision;YES;
api;v_top_critical_24h;apport_max_24h_m3s;double precision;YES;
api;v_top_critical_24h;severity;text;YES;
api;v_top_critical_24h;score;double precision;YES;
api;v_window_station_24h;station_id;uuid;YES;
api;v_window_station_24h;station_code;text;YES;
api;v_window_station_24h;station_name;text;YES;
api;v_window_station_24h;station_type;text;YES;
api;v_window_station_24h;basin_id;uuid;YES;
api;v_window_station_24h;basin_code;text;YES;
api;v_window_station_24h;basin_name;text;YES;
api;v_window_station_24h;source_code;text;YES;
api;v_window_station_24h;run_time;timestamp with time zone;YES;
api;v_window_station_24h;precip_cum_24h_mm;double precision;YES;
api;v_window_station_24h;debit_max_24h_m3s;double precision;YES;
api;v_window_station_24h;apport_max_24h_m3s;double precision;YES;
api;v_window_station_24h;lacher_max_24h_m3s;double precision;YES;
api;v_window_station_24h_fast;station_id;uuid;YES;
api;v_window_station_24h_fast;station_code;text;YES;
api;v_window_station_24h_fast;station_name;text;YES;
api;v_window_station_24h_fast;station_type;text;YES;
api;v_window_station_24h_fast;basin_id;uuid;YES;
api;v_window_station_24h_fast;basin_code;text;YES;
api;v_window_station_24h_fast;basin_name;text;YES;
api;v_window_station_24h_fast;source_code;text;YES;
api;v_window_station_24h_fast;run_time;timestamp with time zone;YES;
api;v_window_station_24h_fast;precip_cum_24h_mm;double precision;YES;
api;v_window_station_24h_fast;debit_max_24h_m3s;double precision;YES;
api;v_window_station_24h_fast;lacher_max_24h_m3s;double precision;YES;
api;v_window_station_24h_fast;apport_max_24h_m3s;double precision;YES;
api;v_window_station_6h;station_id;uuid;YES;
api;v_window_station_6h;station_code;text;YES;
api;v_window_station_6h;station_name;text;YES;
api;v_window_station_6h;station_type;text;YES;
api;v_window_station_6h;basin_id;uuid;YES;
api;v_window_station_6h;basin_code;text;YES;
api;v_window_station_6h;basin_name;text;YES;
api;v_window_station_6h;source_code;text;YES;
api;v_window_station_6h;run_time;timestamp with time zone;YES;
api;v_window_station_6h;precip_cum_6h_mm;double precision;YES;
api;v_window_station_6h;debit_max_6h_m3s;double precision;YES;
api;v_window_station_6h;apport_max_6h_m3s;double precision;YES;
api;v_window_station_6h;lacher_max_6h_m3s;double precision;YES;
api;v_window_station_72h;station_id;uuid;YES;
api;v_window_station_72h;station_code;text;YES;
api;v_window_station_72h;station_name;text;YES;
api;v_window_station_72h;station_type;text;YES;
api;v_window_station_72h;basin_id;uuid;YES;
api;v_window_station_72h;basin_code;text;YES;
api;v_window_station_72h;basin_name;text;YES;
api;v_window_station_72h;source_code;text;YES;
api;v_window_station_72h;run_time;timestamp with time zone;YES;
api;v_window_station_72h;precip_cum_72h_mm;double precision;YES;
api;v_window_station_72h;debit_max_72h_m3s;double precision;YES;
api;v_window_station_72h;apport_max_72h_m3s;double precision;YES;
api;v_window_station_72h;lacher_max_72h_m3s;double precision;YES;
audit;qc_event;qc_event_id;uuid;NO;gen_random_uuid()
audit;qc_event;created_at;timestamp with time zone;NO;now()
audit;qc_event;station_id;uuid;YES;
audit;qc_event;variable_id;smallint;YES;
audit;qc_event;source_id;smallint;YES;
audit;qc_event;run_id;uuid;YES;
audit;qc_event;time_from;timestamp with time zone;YES;
audit;qc_event;time_to;timestamp with time zone;YES;
audit;qc_event;rule_code;text;YES;
audit;qc_event;severity;smallint;NO;1
audit;qc_event;message;text;YES;
auth;user;id;integer;NO;nextval('auth.user_id_seq'::regclass)
auth;user;full_name;character varying;YES;
auth;user;email;character varying;NO;
auth;user;hashed_password;character varying;NO;
auth;user;is_active;boolean;YES;
auth;user;is_superuser;boolean;YES;
auth;user;role;character varying;YES;
files;ingestion;ingestion_id;uuid;NO;gen_random_uuid()
files;ingestion;started_at;timestamp with time zone;NO;now()
files;ingestion;finished_at;timestamp with time zone;YES;
files;ingestion;status;text;NO;
files;ingestion;triggered_by;text;YES;
files;ingestion;pipeline_name;text;YES;
files;ingestion;pipeline_version;text;YES;
files;ingestion;log_file_id;uuid;YES;
files;ingestion;summary;text;YES;
files;ingestion_object;ingestion_id;uuid;NO;
files;ingestion_object;file_id;uuid;NO;
files;ingestion_object;role;text;NO;
files;object;file_id;uuid;NO;gen_random_uuid()
files;object;kind;text;NO;
files;object;storage_uri;text;NO;
files;object;file_name;text;NO;
files;object;file_ext;text;YES;
files;object;mime_type;text;YES;
files;object;size_bytes;bigint;YES;
files;object;sha256;text;YES;
files;object;produced_by;text;YES;
files;object;produced_at;timestamp with time zone;YES;
files;object;tags;ARRAY;YES;
files;object;notes;text;YES;
files;object;created_at;timestamp with time zone;NO;now()
geo;basin;basin_id;uuid;NO;gen_random_uuid()
geo;basin;code;text;YES;
geo;basin;name;text;NO;
geo;basin;level;smallint;NO;0
geo;basin;parent_basin_id;uuid;YES;
geo;basin;geom;USER-DEFINED;YES;
geo;basin;created_at;timestamp with time zone;NO;now()
geo;reach;reach_id;uuid;NO;gen_random_uuid()
geo;reach;code;text;YES;
geo;reach;name;text;YES;
geo;reach;basin_id;uuid;YES;
geo;reach;geom;USER-DEFINED;YES;
geo;reach;created_at;timestamp with time zone;NO;now()
geo;station;station_id;uuid;NO;gen_random_uuid()
geo;station;code;text;YES;
geo;station;name;text;NO;
geo;station;station_type;text;NO;
geo;station;basin_id;uuid;YES;
geo;station;elevation_m;numeric;YES;
geo;station;is_active;boolean;NO;true
geo;station;geom;USER-DEFINED;NO;
geo;station;created_at;timestamp with time zone;NO;now()
ref;basin_alias;alias_text;text;NO;
ref;basin_alias;basin_id;uuid;NO;
ref;basin_alias;alias_type;text;NO;'csv_header'::text
ref;basin_alias;created_at;timestamp with time zone;NO;now()
ref;bassin;basin_id;uuid;YES;
ref;bassin;code;text;YES;
ref;bassin;name;text;YES;
ref;bassin;level;smallint;YES;
ref;bassin;parent_basin_id;uuid;YES;
ref;bassin;geom;USER-DEFINED;YES;
ref;bassin;created_at;timestamp with time zone;YES;
ref;dss_mapping;dss_mapping_id;bigint;NO;nextval('ref.dss_mapping_dss_mapping_id_seq'::regclass)
ref;dss_mapping;match_type;text;NO;'exact'::text
ref;dss_mapping;pathname_match;text;NO;
ref;dss_mapping;priority;integer;NO;100
ref;dss_mapping;part_a;text;YES;
ref;dss_mapping;part_b;text;YES;
ref;dss_mapping;part_c;text;YES;
ref;dss_mapping;part_d;text;YES;
ref;dss_mapping;part_e;text;YES;
ref;dss_mapping;part_f;text;YES;
ref;dss_mapping;entity_type;text;NO;'station'::text
ref;dss_mapping;station_id;uuid;NO;
ref;dss_mapping;variable_id;smallint;NO;
ref;dss_mapping;source_id;smallint;NO;
ref;dss_mapping;unit_hint;text;YES;
ref;dss_mapping;notes;text;YES;
ref;dss_mapping;is_active;boolean;NO;true
ref;dss_mapping;created_at;timestamp with time zone;NO;now()
ref;dss_mapping;updated_at;timestamp with time zone;NO;now()
ref;run;run_id;uuid;NO;gen_random_uuid()
ref;run;source_id;smallint;NO;
ref;run;model_name;text;YES;
ref;run;run_time;timestamp with time zone;NO;
ref;run;horizon_hours;integer;YES;
ref;run;grid_name;text;YES;
ref;run;version;text;YES;
ref;run;notes;text;YES;
ref;run;created_at;timestamp with time zone;NO;now()
ref;run;label;text;NO;''::text
ref;run;updated_at;timestamp with time zone;NO;now()
ref;source;source_id;smallint;NO;nextval('ref.source_source_id_seq'::regclass)
ref;source;code;text;NO;
ref;source;label;text;NO;
ref;source;source_type;text;NO;
ref;source;provider;text;YES;
ref;source;description;text;YES;
ref;source;created_at;timestamp with time zone;NO;now()
ref;station;station_id;uuid;YES;
ref;station;code;text;YES;
ref;station;name;text;YES;
ref;station;station_type;text;YES;
ref;station;basin_id;uuid;YES;
ref;station;elevation_m;numeric;YES;
ref;station;is_active;boolean;YES;
ref;station;geom;USER-DEFINED;YES;
ref;station;created_at;timestamp with time zone;YES;
ref;station_alias;alias_text;text;NO;
ref;station_alias;station_id;uuid;NO;
ref;station_alias;alias_type;text;NO;'excel_header'::text
ref;station_alias;created_at;timestamp with time zone;NO;now()
ref;v_dss_mapping_active;dss_mapping_id;bigint;YES;
ref;v_dss_mapping_active;match_type;text;YES;
ref;v_dss_mapping_active;pathname_match;text;YES;
ref;v_dss_mapping_active;priority;integer;YES;
ref;v_dss_mapping_active;station_code;text;YES;
ref;v_dss_mapping_active;station_name;text;YES;
ref;v_dss_mapping_active;variable_code;text;YES;
ref;v_dss_mapping_active;source_code;text;YES;
ref;v_dss_mapping_active;unit_hint;text;YES;
ref;v_dss_mapping_active;notes;text;YES;
ref;v_dss_mapping_active;created_at;timestamp with time zone;YES;
ref;v_dss_mapping_active;updated_at;timestamp with time zone;YES;
ref;v_dss_mapping_status;dss_mapping_id;bigint;YES;
ref;v_dss_mapping_status;is_active;boolean;YES;
ref;v_dss_mapping_status;match_type;text;YES;
ref;v_dss_mapping_status;priority;integer;YES;
ref;v_dss_mapping_status;pathname_match;text;YES;
ref;v_dss_mapping_status;station_code;text;YES;
ref;v_dss_mapping_status;station_name;text;YES;
ref;v_dss_mapping_status;variable_code;text;YES;
ref;v_dss_mapping_status;source_code;text;YES;
ref;v_dss_mapping_status;unit_hint;text;YES;
ref;v_dss_mapping_status;updated_at;timestamp with time zone;YES;
ref;v_ids;var_precip;smallint;YES;
ref;v_ids;src_obs;smallint;YES;
ref;v_station_key;station_id;uuid;YES;
ref;v_station_key;code;text;YES;
ref;v_station_key;name;text;YES;
ref;v_station_key;station_type;text;YES;
ref;v_station_key;name_key;text;YES;
ref;variable;variable_id;smallint;NO;nextval('ref.variable_variable_id_seq'::regclass)
ref;variable;code;text;NO;
ref;variable;label;text;NO;
ref;variable;unit;text;NO;
ref;variable;description;text;YES;
ref;variable;created_at;timestamp with time zone;NO;now()
sebou;alerts;id;integer;NO;nextval('sebou.alerts_id_seq'::regclass)
sebou;alerts;alert_type;character varying;NO;
sebou;alerts;severity;character varying;NO;
sebou;alerts;message;text;YES;
sebou;alerts;affected_area_km2;numeric;YES;
sebou;alerts;status;character varying;YES;'active'::character varying
sebou;alerts;created_at;timestamp without time zone;YES;CURRENT_TIMESTAMP
sebou;alerts;resolved_at;timestamp without time zone;YES;
sebou;basin_boundary;id;integer;NO;nextval('sebou.basin_boundary_id_seq'::regclass)
sebou;basin_boundary;name;character varying;NO;
sebou;basin_boundary;area_km2;numeric;YES;
sebou;basin_boundary;geom;USER-DEFINED;YES;
sebou;daily_statistics;id;integer;NO;nextval('sebou.daily_statistics_id_seq'::regclass)
sebou;daily_statistics;date;date;NO;
sebou;daily_statistics;snow_area_km2;numeric;YES;
sebou;daily_statistics;snow_percentage;numeric;YES;
sebou;daily_statistics;mean_snow_elevation;numeric;YES;
sebou;daily_statistics;flood_area_km2;numeric;YES;
sebou;daily_statistics;quality_score;numeric;YES;
sebou;daily_statistics;data_sources;ARRAY;YES;
sebou;daily_statistics;processing_time_seconds;integer;YES;
sebou;daily_statistics;created_at;timestamp without time zone;YES;CURRENT_TIMESTAMP
sebou;field_observations;id;integer;NO;nextval('sebou.field_observations_id_seq'::regclass)
sebou;field_observations;station_id;integer;YES;
sebou;field_observations;observation_date;date;NO;
sebou;field_observations;observation_type;character varying;YES;
sebou;field_observations;value;numeric;YES;
sebou;field_observations;unit;character varying;YES;
sebou;field_observations;notes;text;YES;
sebou;field_observations;created_at;timestamp without time zone;YES;CURRENT_TIMESTAMP
sebou;flood_extents;id;integer;NO;nextval('sebou.flood_extents_id_seq'::regclass)
sebou;flood_extents;date;date;NO;
sebou;flood_extents;area_km2;numeric;YES;
sebou;flood_extents;detection_confidence;numeric;YES;
sebou;flood_extents;sensor;character varying;YES;
sebou;flood_extents;geom;USER-DEFINED;YES;
sebou;flood_extents;created_at;timestamp without time zone;YES;CURRENT_TIMESTAMP
sebou;quality_reports;id;integer;NO;nextval('sebou.quality_reports_id_seq'::regclass)
sebou;quality_reports;processing_date;date;NO;
sebou;quality_reports;sensor;character varying;YES;
sebou;quality_reports;cloud_cover_percentage;numeric;YES;
sebou;quality_reports;spatial_coverage_percentage;numeric;YES;
sebou;quality_reports;quality_flags;ARRAY;YES;
sebou;quality_reports;validation_score;numeric;YES;
sebou;quality_reports;created_at;timestamp without time zone;YES;CURRENT_TIMESTAMP
sebou;snow_extents;id;integer;NO;nextval('sebou.snow_extents_id_seq'::regclass)
sebou;snow_extents;date;date;NO;
sebou;snow_extents;area_km2;numeric;YES;
sebou;snow_extents;detection_confidence;numeric;YES;
sebou;snow_extents;sensor;character varying;YES;
sebou;snow_extents;geom;USER-DEFINED;YES;
sebou;snow_extents;created_at;timestamp without time zone;YES;CURRENT_TIMESTAMP
sebou;v_latest_status;date;date;YES;
sebou;v_latest_status;snow_area_km2;numeric;YES;
sebou;v_latest_status;snow_percentage;numeric;YES;
sebou;v_latest_status;flood_area_km2;numeric;YES;
sebou;v_latest_status;quality_score;numeric;YES;
sebou;v_latest_status;active_alerts;bigint;YES;
sebou;v_latest_status;highest_alert_severity;text;YES;
sebou;validation_stations;id;integer;NO;nextval('sebou.validation_stations_id_seq'::regclass)
sebou;validation_stations;station_code;character varying;NO;
sebou;validation_stations;station_name;character varying;YES;
sebou;validation_stations;station_type;character varying;YES;
sebou;validation_stations;elevation;numeric;YES;
sebou;validation_stations;geom;USER-DEFINED;YES;
sebou;validation_stations;active;boolean;YES;true
staging;abhs_sheet_import;sheet_name;text;YES;
staging;abhs_sheet_import;sheet_kind;text;YES;
staging;abhs_sheet_import;entity_type;text;YES;
staging;abhs_sheet_import;station_alias_text;text;YES;
staging;abhs_sheet_import;expected_station_code;text;YES;
staging;abhs_sheet_import;notes;text;YES;
staging;alias_import;alias_text;text;YES;
staging;alias_import;alias_key;text;YES;
staging;alias_import;best_score;numeric;YES;
staging;alias_import;station_id;uuid;YES;
staging;alias_import;station_code;text;YES;
staging;alias_import;station_name;text;YES;
staging;alias_import;station_type;text;YES;
staging;alias_import;station_name_key;text;YES;
staging;alias_import;decision;text;YES;
staging;basin_raw;gid;integer;NO;nextval('staging.basin_raw_gid_seq'::regclass)
staging;basin_raw;id;double precision;YES;
staging;basin_raw;area;numeric;YES;
staging;basin_raw;name;character varying;YES;
staging;basin_raw;shape_leng;numeric;YES;
staging;basin_raw;shape_area;numeric;YES;
staging;basin_raw;___cn3mean;numeric;YES;
staging;basin_raw;geom;USER-DEFINED;YES;
staging;dss_mapping_import;mapping_name;text;YES;
staging;dss_mapping_import;is_active;boolean;YES;
staging;dss_mapping_import;dss_path;text;YES;
staging;dss_mapping_import;pathname;text;YES;
staging;dss_mapping_import;part_a;text;YES;
staging;dss_mapping_import;part_b;text;YES;
staging;dss_mapping_import;part_c;text;YES;
staging;dss_mapping_import;part_d;text;YES;
staging;dss_mapping_import;part_e;text;YES;
staging;dss_mapping_import;part_f;text;YES;
staging;dss_mapping_import;entity_type;text;YES;
staging;dss_mapping_import;station_code;text;YES;
staging;dss_mapping_import;basin_code;text;YES;
staging;dss_mapping_import;variable_code;text;YES;
staging;dss_mapping_import;unit_text;text;YES;
staging;dss_mapping_import;period_type;text;YES;
staging;dss_mapping_import;value_multiplier;double precision;YES;
staging;dss_mapping_import;value_offset;double precision;YES;
staging;dss_mapping_import;is_cumulative;boolean;YES;
staging;dss_mapping_import;confidence;real;YES;
staging;dss_mapping_import;notes;text;YES;
staging;dss_mapping_import_v2;is_active;boolean;YES;
staging;dss_mapping_import_v2;priority;integer;YES;
staging;dss_mapping_import_v2;match_type;text;YES;
staging;dss_mapping_import_v2;pathname_match;text;YES;
staging;dss_mapping_import_v2;part_a;text;YES;
staging;dss_mapping_import_v2;part_b;text;YES;
staging;dss_mapping_import_v2;part_c;text;YES;
staging;dss_mapping_import_v2;part_d;text;YES;
staging;dss_mapping_import_v2;part_e;text;YES;
staging;dss_mapping_import_v2;part_f;text;YES;
staging;dss_mapping_import_v2;entity_type;text;YES;
staging;dss_mapping_import_v2;station_code;text;YES;
staging;dss_mapping_import_v2;variable_code;text;YES;
staging;dss_mapping_import_v2;source_code;text;YES;
staging;dss_mapping_import_v2;unit_text;text;YES;
staging;dss_mapping_import_v2;notes;text;YES;
staging;station_raw;gid;integer;NO;nextval('staging.station_raw_gid_seq'::regclass)
staging;station_raw;objectid_1;integer;YES;
staging;station_raw;indice;smallint;YES;
staging;station_raw;ire;smallint;YES;
staging;station_raw;ire_pluvio;smallint;YES;
staging;station_raw;dms;smallint;YES;
staging;station_raw;sbv_anci_1;integer;YES;
staging;station_raw;x;integer;YES;
staging;station_raw;y;integer;YES;
staging;station_raw;type;smallint;YES;
staging;station_raw;name;character varying;YES;
staging;station_raw;descript;character varying;YES;
staging;station_raw;type_statt;character varying;YES;
staging;station_raw;near_x;numeric;YES;
staging;station_raw;near_y;numeric;YES;
staging;station_raw;code_st;double precision;YES;
staging;station_raw;geom;USER-DEFINED;YES;
timescaledb_experimental;policies;relation_name;name;YES;
timescaledb_experimental;policies;relation_schema;name;YES;
timescaledb_experimental;policies;schedule_interval;interval;YES;
timescaledb_experimental;policies;proc_schema;name;YES;
timescaledb_experimental;policies;proc_name;name;YES;
timescaledb_experimental;policies;config;jsonb;YES;
timescaledb_experimental;policies;hypertable_schema;name;YES;
timescaledb_experimental;policies;hypertable_name;name;YES;
timescaledb_information;chunk_columnstore_settings;hypertable;regclass;YES;
timescaledb_information;chunk_columnstore_settings;chunk;regclass;YES;
timescaledb_information;chunk_columnstore_settings;segmentby;text;YES;
timescaledb_information;chunk_columnstore_settings;orderby;text;YES;
timescaledb_information;chunk_columnstore_settings;index;jsonb;YES;
timescaledb_information;chunk_compression_settings;hypertable;regclass;YES;
timescaledb_information;chunk_compression_settings;chunk;regclass;YES;
timescaledb_information;chunk_compression_settings;segmentby;text;YES;
timescaledb_information;chunk_compression_settings;orderby;text;YES;
timescaledb_information;chunk_compression_settings;index;jsonb;YES;
timescaledb_information;chunks;hypertable_schema;name;YES;
timescaledb_information;chunks;hypertable_name;name;YES;
timescaledb_information;chunks;chunk_schema;name;YES;
timescaledb_information;chunks;chunk_name;name;YES;
timescaledb_information;chunks;primary_dimension;name;YES;
timescaledb_information;chunks;primary_dimension_type;regtype;YES;
timescaledb_information;chunks;range_start;timestamp with time zone;YES;
timescaledb_information;chunks;range_end;timestamp with time zone;YES;
timescaledb_information;chunks;range_start_integer;bigint;YES;
timescaledb_information;chunks;range_end_integer;bigint;YES;
timescaledb_information;chunks;is_compressed;boolean;YES;
timescaledb_information;chunks;chunk_tablespace;name;YES;
timescaledb_information;chunks;chunk_creation_time;timestamp with time zone;YES;
timescaledb_information;compression_settings;hypertable_schema;name;YES;
timescaledb_information;compression_settings;hypertable_name;name;YES;
timescaledb_information;compression_settings;attname;name;YES;
timescaledb_information;compression_settings;segmentby_column_index;smallint;YES;
timescaledb_information;compression_settings;orderby_column_index;smallint;YES;
timescaledb_information;compression_settings;orderby_asc;boolean;YES;
timescaledb_information;compression_settings;orderby_nullsfirst;boolean;YES;
timescaledb_information;continuous_aggregates;hypertable_schema;name;YES;
timescaledb_information;continuous_aggregates;hypertable_name;name;YES;
timescaledb_information;continuous_aggregates;view_schema;name;YES;
timescaledb_information;continuous_aggregates;view_name;name;YES;
timescaledb_information;continuous_aggregates;view_owner;name;YES;
timescaledb_information;continuous_aggregates;materialized_only;boolean;YES;
timescaledb_information;continuous_aggregates;compression_enabled;boolean;YES;
timescaledb_information;continuous_aggregates;materialization_hypertable_schema;name;YES;
timescaledb_information;continuous_aggregates;materialization_hypertable_name;name;YES;
timescaledb_information;continuous_aggregates;view_definition;text;YES;
timescaledb_information;continuous_aggregates;finalized;boolean;YES;
timescaledb_information;dimensions;hypertable_schema;name;YES;
timescaledb_information;dimensions;hypertable_name;name;YES;
timescaledb_information;dimensions;dimension_number;bigint;YES;
timescaledb_information;dimensions;column_name;name;YES;
timescaledb_information;dimensions;column_type;regtype;YES;
timescaledb_information;dimensions;dimension_type;text;YES;
timescaledb_information;dimensions;time_interval;interval;YES;
timescaledb_information;dimensions;integer_interval;bigint;YES;
timescaledb_information;dimensions;integer_now_func;name;YES;
timescaledb_information;dimensions;num_partitions;smallint;YES;
timescaledb_information;hypertable_columnstore_settings;hypertable;regclass;YES;
timescaledb_information;hypertable_columnstore_settings;segmentby;text;YES;
timescaledb_information;hypertable_columnstore_settings;orderby;text;YES;
timescaledb_information;hypertable_columnstore_settings;compress_interval_length;text;YES;
timescaledb_information;hypertable_columnstore_settings;index;jsonb;YES;
timescaledb_information;hypertable_compression_settings;hypertable;regclass;YES;
timescaledb_information;hypertable_compression_settings;segmentby;text;YES;
timescaledb_information;hypertable_compression_settings;orderby;text;YES;
timescaledb_information;hypertable_compression_settings;compress_interval_length;text;YES;
timescaledb_information;hypertable_compression_settings;index;jsonb;YES;
timescaledb_information;hypertables;hypertable_schema;name;YES;
timescaledb_information;hypertables;hypertable_name;name;YES;
timescaledb_information;hypertables;owner;name;YES;
timescaledb_information;hypertables;num_dimensions;smallint;YES;
timescaledb_information;hypertables;num_chunks;bigint;YES;
timescaledb_information;hypertables;compression_enabled;boolean;YES;
timescaledb_information;hypertables;tablespaces;ARRAY;YES;
timescaledb_information;hypertables;primary_dimension;name;YES;
timescaledb_information;hypertables;primary_dimension_type;regtype;YES;
timescaledb_information;job_errors;job_id;integer;YES;
timescaledb_information;job_errors;proc_schema;text;YES;
timescaledb_information;job_errors;proc_name;text;YES;
timescaledb_information;job_errors;pid;integer;YES;
timescaledb_information;job_errors;start_time;timestamp with time zone;YES;
timescaledb_information;job_errors;finish_time;timestamp with time zone;YES;
timescaledb_information;job_errors;sqlerrcode;text;YES;
timescaledb_information;job_errors;err_message;text;YES;
timescaledb_information;job_history;id;bigint;YES;
timescaledb_information;job_history;job_id;integer;YES;
timescaledb_information;job_history;succeeded;boolean;YES;
timescaledb_information;job_history;proc_schema;text;YES;
timescaledb_information;job_history;proc_name;text;YES;
timescaledb_information;job_history;pid;integer;YES;
timescaledb_information;job_history;start_time;timestamp with time zone;YES;
timescaledb_information;job_history;finish_time;timestamp with time zone;YES;
timescaledb_information;job_history;config;jsonb;YES;
timescaledb_information;job_history;sqlerrcode;text;YES;
timescaledb_information;job_history;err_message;text;YES;
timescaledb_information;job_stats;hypertable_schema;name;YES;
timescaledb_information;job_stats;hypertable_name;name;YES;
timescaledb_information;job_stats;job_id;integer;YES;
timescaledb_information;job_stats;last_run_started_at;timestamp with time zone;YES;
timescaledb_information;job_stats;last_successful_finish;timestamp with time zone;YES;
timescaledb_information;job_stats;last_run_status;text;YES;
timescaledb_information;job_stats;job_status;text;YES;
timescaledb_information;job_stats;last_run_duration;interval;YES;
timescaledb_information;job_stats;next_start;timestamp with time zone;YES;
timescaledb_information;job_stats;total_runs;bigint;YES;
timescaledb_information;job_stats;total_successes;bigint;YES;
timescaledb_information;job_stats;total_failures;bigint;YES;
timescaledb_information;jobs;job_id;integer;YES;
timescaledb_information;jobs;application_name;name;YES;
timescaledb_information;jobs;schedule_interval;interval;YES;
timescaledb_information;jobs;max_runtime;interval;YES;
timescaledb_information;jobs;max_retries;integer;YES;
timescaledb_information;jobs;retry_period;interval;YES;
timescaledb_information;jobs;proc_schema;name;YES;
timescaledb_information;jobs;proc_name;name;YES;
timescaledb_information;jobs;owner;regrole;YES;
timescaledb_information;jobs;scheduled;boolean;YES;
timescaledb_information;jobs;fixed_schedule;boolean;YES;
timescaledb_information;jobs;config;jsonb;YES;
timescaledb_information;jobs;next_start;timestamp with time zone;YES;
timescaledb_information;jobs;initial_start;timestamp with time zone;YES;
timescaledb_information;jobs;hypertable_schema;name;YES;
timescaledb_information;jobs;hypertable_name;name;YES;
timescaledb_information;jobs;check_schema;name;YES;
timescaledb_information;jobs;check_name;name;YES;
ts;basin_measurement;time;timestamp with time zone;NO;
ts;basin_measurement;basin_id;uuid;NO;
ts;basin_measurement;variable_id;integer;NO;
ts;basin_measurement;source_id;integer;NO;
ts;basin_measurement;run_id;uuid;YES;
ts;basin_measurement;value;double precision;YES;
ts;basin_measurement;quality;text;YES;
ts;basin_measurement;created_at;timestamp with time zone;NO;now()
ts;measurement;time;timestamp with time zone;NO;
ts;measurement;station_id;uuid;NO;
ts;measurement;variable_id;smallint;NO;
ts;measurement;source_id;smallint;NO;
ts;measurement;run_id;uuid;YES;
ts;measurement;run_id_norm;uuid;NO;
ts;measurement;value;double precision;NO;
ts;measurement;qc_flag;smallint;NO;0
ts;measurement;ingestion_id;uuid;YES;
ts;measurement;file_id;uuid;YES;
ts;measurement;inserted_at;timestamp with time zone;NO;now()
ts;v_basin_precip_compare;basin_id;uuid;YES;
ts;v_basin_precip_compare;basin_code;text;YES;
ts;v_basin_precip_compare;basin_name;text;YES;
ts;v_basin_precip_compare;ref_time;timestamp with time zone;YES;
ts;v_basin_precip_compare;arome_24h_mm;double precision;YES;
ts;v_basin_precip_compare;ecmwf_24h_mm;double precision;YES;
ts;v_basin_precip_compare;diff_mm;double precision;YES;
ts;v_basin_precip_compare;ratio_arome_ecmwf;double precision;YES;
ts;v_basin_precip_compare_common_24h;basin_id;uuid;YES;
ts;v_basin_precip_compare_common_24h;basin_code;text;YES;
ts;v_basin_precip_compare_common_24h;basin_name;text;YES;
ts;v_basin_precip_compare_common_24h;ref_time_common;timestamp with time zone;YES;
ts;v_basin_precip_compare_common_24h;arome_24h_mm;double precision;YES;
ts;v_basin_precip_compare_common_24h;ecmwf_24h_mm;double precision;YES;
ts;v_basin_precip_compare_common_24h;diff_mm;double precision;YES;
ts;v_basin_precip_compare_common_24h;ratio_arome_ecmwf;double precision;YES;
ts;v_basin_precip_cum_24h;basin_id;uuid;YES;
ts;v_basin_precip_cum_24h;basin_code;text;YES;
ts;v_basin_precip_cum_24h;basin_name;text;YES;
ts;v_basin_precip_cum_24h;source;text;YES;
ts;v_basin_precip_cum_24h;ref_time;timestamp with time zone;YES;
ts;v_basin_precip_cum_24h;cum_24h_mm;double precision;YES;
ts;v_basin_precip_last_run;time;timestamp with time zone;YES;
ts;v_basin_precip_last_run;value;double precision;YES;
ts;v_basin_precip_last_run;source;text;YES;
ts;v_basin_precip_last_run;basin_id;uuid;YES;
ts;v_basin_precip_last_run;basin_code;text;YES;
ts;v_basin_precip_last_run;basin_name;text;YES;
ts;v_basin_precip_last_run;run_time;timestamp with time zone;YES;
ts;v_dss_mapping_active;dss_mapping_id;bigint;YES;
ts;v_dss_mapping_active;is_active;boolean;YES;
ts;v_dss_mapping_active;match_type;text;YES;
ts;v_dss_mapping_active;pathname_match;text;YES;
ts;v_dss_mapping_active;priority;integer;YES;
ts;v_dss_mapping_active;part_a;text;YES;
ts;v_dss_mapping_active;part_b;text;YES;
ts;v_dss_mapping_active;part_c;text;YES;
ts;v_dss_mapping_active;part_d;text;YES;
ts;v_dss_mapping_active;part_e;text;YES;
ts;v_dss_mapping_active;part_f;text;YES;
ts;v_dss_mapping_active;station_code;text;YES;
ts;v_dss_mapping_active;station_name;text;YES;
ts;v_dss_mapping_active;variable_code;text;YES;
ts;v_dss_mapping_active;source_code;text;YES;
ts;v_dss_mapping_active;unit_hint;text;YES;
ts;v_dss_mapping_active;notes;text;YES;
ts;v_dss_mapping_active;created_at;timestamp with time zone;YES;
ts;v_dss_mapping_active;updated_at;timestamp with time zone;YES;
ts;v_dss_mapping_health;station_code;text;YES;
ts;v_dss_mapping_health;station_name;text;YES;
ts;v_dss_mapping_health;variable_code;text;YES;
ts;v_dss_mapping_health;source_code;text;YES;
ts;v_dss_mapping_health;n_active_mappings;bigint;YES;
ts;v_dss_mapping_health;best_priority;integer;YES;
ts;v_dss_mapping_health;has_active;boolean;YES;
